[
    { "id": 1, "nombre": "Lapicero", "categoria": "Escritura", "precio": 10, "cantidad": 100 },
    { "id": 2, "nombre": "Cuaderno", "categoria": "Papel", "precio": 25, "cantidad": 0 },
    { "id": 3, "nombre": "Goma", "categoria": "Escritura", "precio": 5, "cantidad": 9 },
    { "id": 4, "nombre": "Borrador", "categoria": "Escritura", "precio": 3, "cantidad": 200 },
    { "id": 5, "nombre": "Marcador", "categoria": "Escritura", "precio": 15, "cantidad": 75 },
    { "id": 6, "nombre": "Regla 30cm", "categoria": "Instrumentos", "precio": 8, "cantidad": 60 },
    { "id": 7, "nombre": "Sacapuntas", "categoria": "Escritura", "precio": 6, "cantidad": 120 },
    { "id": 8, "nombre": "Tijeras", "categoria": "Instrumentos", "precio": 20, "cantidad": 40 },
    { "id": 9, "nombre": "Papel Bond", "categoria": "Papel", "precio": 150, "cantidad": 30 },
    { "id": 10, "nombre": "Carpeta", "categoria": "Organización", "precio": 18, "cantidad": 45 },
    { "id": 11, "nombre": "Bolígrafo Azul", "categoria": "Escritura", "precio": 5, "cantidad": 200 },
    { "id": 12, "nombre": "Bolígrafo Negro", "categoria": "Escritura", "precio": 5, "cantidad": 220 },
    { "id": 13, "nombre": "Bolígrafo Rojo", "categoria": "Escritura", "precio": 5, "cantidad": 180 },
    { "id": 14, "nombre": "Hojas de Colores", "categoria": "Papel", "precio": 12, "cantidad": 80 },
    { "id": 15, "nombre": "Papel Crepé", "categoria": "Papel", "precio": 15, "cantidad": 70 },
    { "id": 16, "nombre": "Pegamento", "categoria": "Adhesivos", "precio": 12, "cantidad": 90 },
    { "id": 17, "nombre": "Cinta Adhesiva", "categoria": "Adhesivos", "precio": 8, "cantidad": 100 },
    { "id": 18, "nombre": "Calculadora", "categoria": "Instrumentos", "precio": 120, "cantidad": 25 },
    { "id": 19, "nombre": "Corrector Líquido", "categoria": "Escritura", "precio": 10, "cantidad": 85 },
    { "id": 20, "nombre": "Bloc de Notas", "categoria": "Papel", "precio": 20, "cantidad": 60 }
]
  